ID,datetime,session_start,time,sw_flip,sw_offset,sw_subwave_num,sw_number,mo_y,mo_x,mo_fake_release,mo_act_drag,mo_lobe,level,version,device_timezone,device_OS,time_diff,coord_diff,total_sw_events,first,last,target_location,action_location,action_location_normalized,actions,actions_normalized,collect,false_collect,action_sequences,action_sequences_str,count,sw_start,last_sw,ba_time,ba_position,ba_ID,ba_age,last_ba_sw,is_last_sw,session_score,session_nr,threshold,session_cleared,learned,learning,diff,score,previous_score,prev_action_sequences_str,action_seq_frequency,rank,rank_pct,prev_rank,top,top_prev,puzzle_attempt,cum_score,trial_score,cum_score_s6,cum_score_last_6,threshold_puzzle,first_threshold,anon_id
1619377557_554053837,2021-04-29 12:15:50,97930,156454.0,False,0.0,0.0,5.0,-100.83334,-26.742676,0.0,True,1.0,1.0,2.09,"{'bias': 60.0, 'name': 'BST'}",Android,1712.0,-153.43593,3.0,False,True,0.0,0.0,0.0,-0.0,-0.0,True,False,"[1.0, 4.0, -0.0]","[1.0, 4.0, -0.0]",15.0,153992.0,6.0,157373.0,0.0,0.0,6.0,6.0,False,180.0,15.0,True,11.0,True,False,-36.0,36.0,36.0,"[1.0, 4.0, -0.0]",15.0,98.0,0.976897689768977,98.0,other,other,14,146.0,36.0,2.0,144.0,True,14.0,3688
1608333952_4174515712,2020-12-18 23:28:42,212852,218065.0,False,5.0,3.0,1.0,87.22223,225.4314,0.0,False,6.0,1.0,2.0,"{'bias': 0.0, 'name': 'WET'}",Android,14079.0,-162.20404,3.0,True,False,5.0,5.0,0.0,5.0,0.0,False,False,"[0.0, 3.0, 0.0]","[0.0, 3.0, 0.0]",500.0,218065.0,3.0,228522.0,5.0,0.0,7.0,3.0,False,0.0,2.0,False,8.0,True,True,-1.0,0.0,,,498.0,9.0,0.9993476091795226,1.0,9.0,first,16,145.0,0.0,72.0,73.0,False,12.0,1290
1608290560_3509209088,2020-12-18 11:23:32,61202,98796.0,False,0.0,5.0,3.0,-92.80002,0.399963,0.0,True,6.0,1.0,2.0,"{'bias': 0.0, 'name': 'WET'}",iOS,633.0,-4.0000305,8.0,False,False,0.0,5.0,5.0,-5.0,-5.0,False,False,"[1.0, -1.0, -1.0, -5.0, 0.0, 5.0, 4.0, 3.0]","[1.0, -1.0, -1.0, -5.0, 0.0, 5.0, 4.0, 3.0]",1.0,90997.0,3.0,105479.0,0.0,0.0,7.0,3.0,True,2.0,0.0,False,,False,False,,0.0,0.0,[-0.0],1.0,112.0,0.3794228260035306,1.0,other,1.0,5,2.0,0.0,,,False,1.0,1201
1608333952_4174515712,2020-12-18 23:27:52,162452,185827.0,True,1.0,4.0,2.0,-116.66666,-209.61584,0.0,False,3.0,1.0,2.0,"{'bias': 0.0, 'name': 'WET'}",Android,4914.0,-26.673248,5.0,True,False,5.0,2.0,3.0,2.0,3.0,False,False,"[3.0, 3.0, 0.0, 0.0, 0.0]","[3.0, 3.0, 0.0, 0.0, 0.0]",22.0,185827.0,3.0,197059.0,5.0,0.0,7.0,3.0,False,1.0,1.0,False,8.0,True,True,1.0,0.0,,"[5.0, 4.0, 5.0, 2.0, 0.0]",22.0,91.0,0.9852252667127178,112.0,other,other,14,144.0,0.0,72.0,72.0,False,12.0,1290
1608333952_4174515712,2020-12-21 14:16:32,526726,529473.0,False,0.0,0.0,1.0,56.111115,147.64514,0.0,False,6.0,1.0,2.0,"{'bias': 0.0, 'name': 'WET'}",Android,151.0,14.998566,6.0,False,False,0.0,5.0,5.0,5.0,5.0,False,False,"[5.0, 5.0, 5.0, 5.0, 5.0, -0.0]","[5.0, 5.0, 5.0, 5.0, 5.0, -0.0]",42.0,529099.0,6.0,531963.0,0.0,0.0,6.0,6.0,False,216.0,11.0,True,8.0,True,False,72.0,36.0,36.0,,42.0,71.0,0.9924783175992018,83.0,other,other,36,271.0,36.0,199.0,72.0,False,12.0,1290
1608333952_4174515712,2020-12-18 23:34:33,563164,609233.0,True,0.0,4.0,5.0,-166.1111,2.073792,0.0,True,3.0,1.0,2.0,"{'bias': 0.0, 'name': 'WET'}",Android,752.0,-112.79701,6.0,False,False,0.0,2.0,2.0,-2.0,-2.0,False,False,"[-5.0, -4.0, -3.0, -2.0, -1.0, -0.0]","[-5.0, -4.0, -3.0, -2.0, -1.0, -0.0]",157.0,606534.0,6.0,611402.0,0.0,0.0,6.0,6.0,False,216.0,8.0,True,8.0,True,True,180.0,36.0,36.0,"[-5.0, -4.0, -3.0, -2.0, -1.0, -0.0]",157.0,31.0,0.997582316371172,31.0,other,other,46,631.0,36.0,415.0,216.0,True,12.0,1290
1619377557_554053837,2021-04-25 20:14:05,493184,520614.0,False,0.0,1.0,5.0,55.833313,-127.64172,0.0,False,2.0,1.0,2.09,"{'bias': 60.0, 'name': 'BST'}",Android,4409.0,-450.90225,7.0,True,False,0.0,1.0,1.0,1.0,1.0,False,False,"[1.0, 2.0, 3.0, 4.0, 5.0, 0.0, -0.0]","[1.0, 2.0, 3.0, 4.0, 5.0, 0.0, -0.0]",769.0,520614.0,6.0,524722.0,0.0,0.0,6.0,6.0,False,148.0,11.0,True,11.0,True,True,130.0,36.0,,"[1.0, 2.0, 3.0, 4.0, 5.0, 0.0, -0.0]",769.0,5.0,0.9996929925550696,5.0,5.0,5.0,58,615.0,36.0,487.0,128.0,True,14.0,3688
1608290560_3509209088,2020-12-18 11:24:38,127499,168312.0,True,2.0,3.0,3.0,-124.000015,173.99994,0.0,False,5.0,1.0,2.0,"{'bias': 0.0, 'name': 'WET'}",iOS,784.0,20.799988,7.0,False,False,4.0,4.0,0.0,4.0,0.0,False,False,"[0.0, 0.0, 0.0, 0.0, 0.0, 0.0, 0.0]","[0.0, 0.0, 0.0, 0.0, 0.0, 0.0, 0.0]",3209.0,158610.0,3.0,170394.0,4.0,0.0,7.0,3.0,True,1.0,1.0,False,,False,False,-1.0,0.0,0.0,"[5.0, 5.0, 5.0, 5.0, 5.0, 5.0, 5.0]",3204.0,3.0,0.9998464962775347,48.0,3.0,other,8,3.0,0.0,0.0,3.0,False,1.0,1201
1610650624_4196779776,2021-01-14 17:59:17,184168,195262.0,False,0.0,0.0,2.0,-269.62964,21.46167,0.0,True,0.0,1.0,2.0,"{'bias': -60.0, 'name': '-01'}",Android,3531.0,410.4776,1.0,True,False,0.0,-1.0,5.0,1.0,-5.0,False,False,"[-5.0, -0.0]","[-5.0, -0.0]",221.0,195262.0,3.0,197090.0,0.0,0.0,1.0,3.0,False,3.0,2.0,False,,False,False,-35.0,1.0,,"[0.0, -0.0]",221.0,26.0,0.9980044516079516,4.0,other,4.0,11,114.0,1.0,74.0,40.0,False,1.0,2719
1619377557_554053837,2021-04-25 22:25:30,291551,325443.0,False,0.0,2.0,4.0,50.0,-117.63519,0.0,False,2.0,1.0,2.09,"{'bias': 60.0, 'name': 'BST'}",Android,3664.0,-390.05597,7.0,True,False,0.0,1.0,1.0,1.0,1.0,False,False,"[1.0, 2.0, 1.0, 2.0, 1.0, 0.0, -0.0]","[1.0, 2.0, 1.0, 2.0, 1.0, 0.0, -0.0]",14.0,325443.0,6.0,331421.0,0.0,0.0,6.0,6.0,False,216.0,14.0,True,11.0,True,False,216.0,36.0,,"[5.0, 4.0, 3.0, 2.0, 1.0, 0.0, -0.0]",14.0,99.0,0.9752475247524752,7.0,other,7.0,35,368.0,36.0,208.0,160.0,True,14.0,3688
1608333952_4174515712,2021-02-03 13:21:39,2099376,2111427.0,False,1.0,3.0,3.0,165.00003,2.073792,0.0,False,1.0,1.0,2.0,"{'bias': 0.0, 'name': 'WET'}",Android,3767.0,-328.91507,6.0,True,False,1.0,0.0,5.0,0.0,5.0,False,False,"[5.0, 5.0, 5.0, 5.0, 5.0, -0.0]","[5.0, 5.0, 5.0, 5.0, 5.0, -0.0]",42.0,2111427.0,6.0,2113915.0,1.0,0.0,6.0,6.0,False,216.0,15.0,True,8.0,True,False,0.0,36.0,,"[5.0, 5.0, 5.0, 5.0, 5.0, -0.0]",42.0,71.0,0.9924783175992018,71.0,other,other,62,1171.0,36.0,955.0,216.0,True,12.0,1290
1608333952_4174515712,2020-12-18 23:33:24,494306,538236.0,False,5.0,3.0,3.0,157.22223,-72.934326,0.0,True,6.0,1.0,2.0,"{'bias': 0.0, 'name': 'WET'}",Android,1182.0,-2.7658386,8.0,False,True,5.0,5.0,0.0,-5.0,-0.0,True,False,"[-5.0, -5.0, -4.0, -4.0, -3.0, -2.0, -1.0, -0.0]","[-5.0, -5.0, -4.0, -4.0, -3.0, -2.0, -1.0, -0.0]",1.0,525405.0,4.0,538816.0,5.0,0.0,6.0,4.0,False,36.0,7.0,False,8.0,True,True,32.0,36.0,36.0,"[1.0, 3.0, 3.0, 3.0, 3.0, 3.0]",1.0,112.0,0.3794228260035306,107.0,other,other,34,235.0,36.0,195.0,40.0,False,12.0,1290
1608333952_4174515712,2021-02-03 13:20:45,2046285,2069793.0,True,1.0,2.0,5.0,-82.77777,158.20184,0.0,False,5.0,1.0,2.0,"{'bias': 0.0, 'name': 'WET'}",Android,3615.0,-76.672195,6.0,True,False,5.0,4.0,5.0,4.0,5.0,False,False,"[5.0, 5.0, 5.0, 5.0, 5.0, -0.0]","[5.0, 5.0, 5.0, 5.0, 5.0, -0.0]",42.0,2069793.0,6.0,2072660.0,5.0,0.0,6.0,6.0,False,216.0,14.0,True,8.0,True,False,0.0,36.0,,"[1.0, 1.0, 1.0, 1.0, 1.0, -0.0]",42.0,71.0,0.9924783175992018,83.0,other,other,58,1027.0,36.0,811.0,216.0,True,12.0,1290
1608233856_1377889536,2020-12-17 19:37:33,32091,78869.0,True,1.0,1.0,5.0,111.111145,117.08624,0.0,False,6.0,1.0,2.0,"{'bias': 0.0, 'name': 'WET'}",Android,367.0,-25.556885,7.0,False,False,5.0,5.0,0.0,5.0,0.0,False,False,"[0.0, 0.0, 0.0, 0.0, 0.0, 0.0, -0.0]","[0.0, 0.0, 0.0, 0.0, 0.0, 0.0, -0.0]",8090.0,78069.0,6.0,81595.0,5.0,0.0,6.0,6.0,False,144.0,0.0,True,0.0,True,True,,36.0,36.0,"[0.0, 0.0, 0.0, 0.0, 0.0, 0.0, -0.0]",8062.0,2.0,0.9999232481387672,2.0,2.0,2.0,5,108.0,36.0,,,False,1.0,1072
1608333952_4174515712,2021-02-03 13:19:51,1991816,2023338.0,True,2.0,5.0,5.0,-178.88889,-7.371643,0.0,False,4.0,1.0,2.0,"{'bias': 0.0, 'name': 'WET'}",Android,737.0,7.222534,6.0,False,False,4.0,3.0,5.0,3.0,5.0,False,False,"[5.0, 5.0, 5.0, 5.0, 5.0, -0.0]","[5.0, 5.0, 5.0, 5.0, 5.0, -0.0]",42.0,2021243.0,6.0,2024607.0,4.0,0.0,6.0,6.0,False,216.0,13.0,True,8.0,True,False,216.0,36.0,36.0,"[1.0, 1.0, 1.0, 1.0, 1.0, -0.0]",42.0,71.0,0.9924783175992018,83.0,other,other,52,811.0,36.0,631.0,180.0,True,12.0,1290
1619377557_554053837,2021-04-25 20:09:03,191300,212826.0,False,0.0,2.0,2.0,47.5,-125.97394,0.0,False,2.0,1.0,2.09,"{'bias': 60.0, 'name': 'BST'}",Android,4051.0,-18.41153,5.0,False,False,0.0,1.0,1.0,1.0,1.0,False,False,"[0.0, 1.0, 5.0, 1.0, 5.0]","[0.0, 1.0, 5.0, 1.0, 5.0]",4.0,208775.0,3.0,218691.0,0.0,0.0,7.0,3.0,False,0.0,4.0,False,11.0,True,True,0.0,0.0,0.0,"[2.0, 4.0, 2.0, 3.0, 5.0]",4.0,109.0,0.9087036610637808,111.0,other,other,26,182.0,0.0,182.0,0.0,False,14.0,3688
1608233856_1377889536,2020-12-17 19:37:33,32091,86207.0,False,0.0,4.0,6.0,216.11115,-15.15033,0.0,False,1.0,1.0,2.0,"{'bias': 0.0, 'name': 'WET'}",Android,331.0,10.0008545,7.0,False,False,0.0,0.0,0.0,0.0,0.0,False,False,"[0.0, 0.0, 0.0, 0.0, 0.0, 0.0, -0.0]","[0.0, 0.0, 0.0, 0.0, 0.0, 0.0, -0.0]",8090.0,84836.0,6.0,88016.0,0.0,0.0,6.0,6.0,True,144.0,0.0,True,0.0,True,True,,36.0,36.0,"[0.0, 0.0, 0.0, 0.0, 0.0, 0.0, -0.0]",8062.0,2.0,0.9999232481387672,2.0,2.0,2.0,6,144.0,36.0,,,False,1.0,1072
1608333952_4174515712,2020-12-18 23:30:39,329486,336630.0,False,0.0,3.0,1.0,-210.55554,27.632141,0.0,False,4.0,1.0,2.0,"{'bias': 0.0, 'name': 'WET'}",Android,654.0,-11.667236,7.0,False,False,0.0,3.0,3.0,3.0,3.0,False,False,"[3.0, 3.0, 3.0, 3.0, 3.0, 3.0, 3.0]","[3.0, 3.0, 3.0, 3.0, 3.0, 3.0, 3.0]",289.0,332865.0,3.0,337611.0,0.0,0.0,7.0,3.0,False,16.0,4.0,False,8.0,True,True,16.0,0.0,0.0,,283.0,18.0,0.9986184664978126,108.0,18.0,other,22,145.0,0.0,145.0,0.0,False,12.0,1290
1619377557_554053837,2021-04-25 20:13:37,465270,482951.0,False,0.0,2.0,3.0,-264.16666,4.110718,0.0,True,4.0,1.0,2.09,"{'bias': 60.0, 'name': 'BST'}",Android,3560.0,526.6508,2.0,True,False,0.0,3.0,3.0,-3.0,-3.0,False,False,"[-3.0, -0.0]","[-3.0, -0.0]",509.0,482951.0,3.0,486199.0,0.0,0.0,4.0,3.0,True,18.0,10.0,False,11.0,True,True,18.0,16.0,,[-0.0],507.0,8.0,0.9994627369713716,1.0,8.0,1.0,53,503.0,16.0,485.0,18.0,False,14.0,3688
1608333952_4174515712,2021-02-03 13:19:51,1991816,2002582.0,False,0.0,2.0,2.0,78.888916,155.42377,0.0,False,6.0,1.0,2.0,"{'bias': 0.0, 'name': 'WET'}",Android,1010.0,27.223694,6.0,False,False,0.0,5.0,5.0,5.0,5.0,False,False,"[5.0, 5.0, 5.0, 5.0, 5.0, -0.0]","[5.0, 5.0, 5.0, 5.0, 5.0, -0.0]",42.0,2000408.0,6.0,2003820.0,0.0,0.0,6.0,6.0,False,216.0,13.0,True,8.0,True,False,216.0,36.0,36.0,"[5.0, 5.0, 5.0, 5.0, 5.0, -0.0]",42.0,71.0,0.9924783175992018,71.0,other,other,49,703.0,36.0,523.0,180.0,True,12.0,1290
1619377557_554053837,2021-04-25 20:13:37,465270,479391.0,False,0.0,2.0,2.0,286.66663,28.293152,0.0,True,1.0,1.0,2.09,"{'bias': 60.0, 'name': 'BST'}",Android,2845.0,17.513,1.0,True,True,0.0,0.0,0.0,-0.0,-0.0,True,False,[-0.0],[-0.0],10219.0,479391.0,3.0,479985.0,0.0,0.0,1.0,3.0,False,18.0,10.0,False,11.0,True,True,18.0,1.0,,"[0.0, -0.0]",10192.0,1.0,1.0,4.0,1.0,4.0,52,487.0,1.0,469.0,18.0,False,14.0,3688
1608333952_4174515712,2020-12-21 14:16:32,526726,542048.0,True,5.0,5.0,3.0,180.00003,-0.704285,0.0,False,1.0,1.0,2.0,"{'bias': 0.0, 'name': 'WET'}",Android,4397.0,-313.3532,6.0,True,False,1.0,0.0,5.0,0.0,5.0,False,False,"[5.0, 5.0, 5.0, 5.0, 5.0, -0.0]","[5.0, 5.0, 5.0, 5.0, 5.0, -0.0]",42.0,542048.0,6.0,545807.0,1.0,0.0,6.0,6.0,False,216.0,11.0,True,8.0,True,False,72.0,36.0,,"[1.0, 1.0, 1.0, 1.0, 1.0, -0.0]",42.0,71.0,0.9924783175992018,83.0,other,other,38,343.0,36.0,199.0,144.0,True,12.0,1290
1619377557_554053837,2021-04-25 22:25:30,291551,317743.0,False,0.0,4.0,3.0,78.33331,118.35181,0.0,False,6.0,1.0,2.09,"{'bias': 60.0, 'name': 'BST'}",Android,3463.0,-58.2399,7.0,True,False,0.0,5.0,5.0,5.0,5.0,False,False,"[5.0, 4.0, 3.0, 2.0, 1.0, 0.0, -0.0]","[5.0, 4.0, 3.0, 2.0, 1.0, 0.0, -0.0]",517.0,317743.0,6.0,322077.0,0.0,0.0,6.0,6.0,False,216.0,14.0,True,11.0,True,False,216.0,36.0,,"[1.0, 2.0, 3.0, 4.0, 5.0, 0.0, -0.0]",517.0,7.0,0.9995394888326042,5.0,7.0,5.0,34,332.0,36.0,183.0,149.0,True,14.0,3688
1619377557_554053837,2021-04-25 20:06:09,17432,33442.0,False,0.0,1.0,2.0,-104.16667,-125.97394,0.0,False,3.0,1.0,2.09,"{'bias': 60.0, 'name': 'BST'}",Android,976.0,-3.340393,7.0,False,False,0.0,2.0,2.0,2.0,2.0,False,False,"[-2.0, 2.0, 2.0, 2.0, 2.0, 2.0, 2.0]","[-2.0, 2.0, 2.0, 2.0, 2.0, 2.0, 2.0]",2.0,28424.0,3.0,36376.0,0.0,0.0,7.0,3.0,False,1.0,0.0,False,11.0,True,True,,0.0,0.0,[-0.0],2.0,111.0,0.8077365876122496,1.0,other,1.0,2,1.0,0.0,,,False,14.0,3688
1608333952_4174515712,2021-02-03 13:20:45,2046285,2076158.0,False,0.0,0.0,6.0,78.33334,133.19916,0.0,False,6.0,1.0,2.0,"{'bias': 0.0, 'name': 'WET'}",Android,206.0,-3.8893127,6.0,False,False,0.0,5.0,5.0,5.0,5.0,False,False,"[5.0, 5.0, 5.0, 5.0, 5.0, -0.0]","[5.0, 5.0, 5.0, 5.0, 5.0, -0.0]",42.0,2075729.0,6.0,2078571.0,0.0,0.0,6.0,6.0,True,216.0,14.0,True,8.0,True,False,0.0,36.0,36.0,"[5.0, 5.0, 5.0, 5.0, 5.0, -0.0]",42.0,71.0,0.9924783175992018,71.0,other,other,59,1063.0,36.0,847.0,216.0,True,12.0,1290
1619377557_554053837,2021-04-25 20:11:11,319028,325314.0,False,0.0,4.0,1.0,69.16666,-118.469055,0.0,False,2.0,1.0,2.09,"{'bias': 60.0, 'name': 'BST'}",Android,16172.0,-354.23615,3.0,True,False,0.0,1.0,1.0,1.0,1.0,False,False,"[1.0, -1.0, -0.0]","[1.0, -1.0, -0.0]",25.0,325314.0,4.0,331617.0,0.0,0.0,2.0,4.0,False,22.0,6.0,False,11.0,True,True,-20.0,4.0,,,25.0,88.0,0.98718243917415,112.0,other,first,38,444.0,4.0,260.0,184.0,True,14.0,3688
1608333952_4174515712,2021-02-03 13:21:39,2099376,2106023.0,False,0.0,2.0,2.0,82.7778,143.20026,0.0,False,6.0,1.0,2.0,"{'bias': 0.0, 'name': 'WET'}",Android,187.0,5.554901,6.0,False,False,0.0,5.0,5.0,5.0,5.0,False,False,"[5.0, 5.0, 5.0, 5.0, 5.0, -0.0]","[5.0, 5.0, 5.0, 5.0, 5.0, -0.0]",42.0,2105677.0,6.0,2108238.0,0.0,0.0,6.0,6.0,False,216.0,15.0,True,8.0,True,False,0.0,36.0,36.0,"[5.0, 5.0, 5.0, 5.0, 5.0, -0.0]",42.0,71.0,0.9924783175992018,71.0,other,other,61,1135.0,36.0,919.0,216.0,True,12.0,1290
1608333952_4174515712,2020-12-18 23:33:24,494306,510801.0,True,3.0,2.0,2.0,16.111115,-0.148682,0.0,False,1.0,1.0,2.0,"{'bias': 0.0, 'name': 'WET'}",Android,1942.0,166.10843,6.0,False,False,3.0,0.0,3.0,0.0,3.0,False,False,"[1.0, 3.0, 3.0, 3.0, 3.0, 3.0]","[1.0, 3.0, 3.0, 3.0, 3.0, 3.0]",6.0,506884.0,4.0,515231.0,3.0,0.0,7.0,4.0,False,36.0,7.0,False,8.0,True,True,32.0,0.0,0.0,"[1.0, 5.0, 1.0, 5.0]",6.0,107.0,0.9390973981119042,81.0,other,other,33,199.0,0.0,194.0,5.0,False,12.0,1290
1619377557_554053837,2021-04-25 20:08:20,148155,163687.0,False,0.0,2.0,2.0,-205.0,6.612366,0.0,False,4.0,1.0,2.09,"{'bias': 60.0, 'name': 'BST'}",Android,191.0,0.0032353401,7.0,False,False,0.0,3.0,3.0,3.0,3.0,False,False,"[3.0, 3.0, 3.0, 3.0, 3.0, 3.0, 3.0]","[3.0, 3.0, 3.0, 3.0, 3.0, 3.0, 3.0]",289.0,160600.0,3.0,166170.0,0.0,0.0,7.0,3.0,False,0.0,3.0,False,11.0,True,True,0.0,0.0,0.0,"[0.0, 0.0, 0.0, 0.0, 0.0, 0.0, 0.0, 0.0]",283.0,18.0,0.9986184664978126,12.0,18.0,12.0,20,182.0,0.0,146.0,36.0,False,14.0,3688
1608333952_4174515712,2020-12-21 14:05:22,84796,115344.0,True,5.0,0.0,5.0,167.7778,-7.927307,0.0,False,1.0,1.0,2.0,"{'bias': 0.0, 'name': 'WET'}",Android,799.0,17.777954,6.0,False,False,1.0,0.0,5.0,0.0,5.0,False,False,"[5.0, 5.0, 5.0, 5.0, 5.0, -0.0]","[5.0, 5.0, 5.0, 5.0, 5.0, -0.0]",42.0,113173.0,6.0,116838.0,1.0,0.0,6.0,6.0,False,144.0,10.0,True,8.0,True,False,144.0,36.0,36.0,"[1.0, 1.0, 1.0, 1.0, 1.0, 1.0, 1.0]",42.0,71.0,0.9924783175992018,48.0,other,other,11,108.0,36.0,0.0,108.0,False,12.0,1290
1608333952_4174515712,2020-12-18 23:34:33,563164,606534.0,True,0.0,4.0,5.0,207.22226,129.86542,0.0,True,6.0,1.0,2.0,"{'bias': 0.0, 'name': 'WET'}",Android,4639.0,41.119568,6.0,True,False,0.0,5.0,5.0,-5.0,-5.0,False,False,"[-5.0, -4.0, -3.0, -2.0, -1.0, -0.0]","[-5.0, -4.0, -3.0, -2.0, -1.0, -0.0]",157.0,606534.0,6.0,611402.0,0.0,0.0,6.0,6.0,False,216.0,8.0,True,8.0,True,True,180.0,36.0,,"[-5.0, -4.0, -3.0, -2.0, -1.0, -0.0]",157.0,31.0,0.997582316371172,31.0,other,other,46,631.0,36.0,415.0,216.0,True,12.0,1290
1608333952_4174515712,2020-12-18 23:34:33,563164,597331.0,False,5.0,3.0,4.0,38.333344,272.1031,0.0,True,5.0,1.0,2.0,"{'bias': 0.0, 'name': 'WET'}",Android,4372.0,517.8324,6.0,True,False,5.0,4.0,5.0,-4.0,-5.0,False,False,"[-5.0, -4.0, -3.0, -2.0, -1.0, -0.0]","[-5.0, -4.0, -3.0, -2.0, -1.0, -0.0]",157.0,597331.0,6.0,602481.0,5.0,0.0,6.0,6.0,False,216.0,8.0,True,8.0,True,True,180.0,36.0,,"[-5.0, -4.0, -3.0, -2.0, -1.0, -0.0]",157.0,31.0,0.997582316371172,31.0,other,other,45,595.0,36.0,379.0,216.0,True,12.0,1290
1608333952_4174515712,2021-02-03 13:21:39,2099376,2117709.0,True,2.0,1.0,4.0,75.00003,125.976135,0.0,False,6.0,1.0,2.0,"{'bias': 0.0, 'name': 'WET'}",Android,219.0,-7.778595,6.0,False,False,4.0,5.0,1.0,5.0,1.0,False,False,"[1.0, 1.0, 1.0, 1.0, 1.0, -0.0]","[1.0, 1.0, 1.0, 1.0, 1.0, -0.0]",30.0,2116953.0,6.0,2119496.0,4.0,0.0,6.0,6.0,False,216.0,15.0,True,8.0,True,False,0.0,36.0,36.0,"[5.0, 5.0, 5.0, 5.0, 5.0, -0.0]",30.0,83.0,0.9892163634968149,71.0,other,other,63,1207.0,36.0,991.0,216.0,True,12.0,1290
1608333952_4174515712,2020-12-21 14:05:22,84796,102829.0,False,3.0,3.0,3.0,-73.33333,118.75311,0.0,False,5.0,1.0,2.0,"{'bias': 0.0, 'name': 'WET'}",Android,5764.0,431.6789,7.0,True,False,3.0,4.0,1.0,4.0,1.0,False,False,"[1.0, 1.0, 1.0, 1.0, 1.0, 1.0, 1.0]","[1.0, 1.0, 1.0, 1.0, 1.0, 1.0, 1.0]",72.0,102829.0,6.0,105036.0,3.0,0.0,7.0,6.0,False,144.0,10.0,True,8.0,True,False,144.0,0.0,,"[5.0, -4.0, -3.0, -2.0, -1.0, -0.0]",72.0,48.0,0.996008903215903,100.0,other,other,9,72.0,0.0,0.0,72.0,False,12.0,1290
1608333952_4174515712,2020-12-18 23:33:24,494306,499763.0,True,4.0,5.0,1.0,-221.11111,13.74176,0.0,False,4.0,1.0,2.0,"{'bias': 0.0, 'name': 'WET'}",Android,1726.0,527.7993,4.0,False,False,2.0,3.0,1.0,3.0,1.0,False,False,"[1.0, 5.0, 1.0, 5.0]","[1.0, 5.0, 1.0, 5.0]",32.0,496527.0,4.0,502567.0,2.0,0.0,7.0,4.0,False,36.0,7.0,False,8.0,True,True,32.0,0.0,0.0,,32.0,81.0,0.9899071302479086,112.0,other,other,32,199.0,0.0,178.0,21.0,False,12.0,1290
1610650624_4196779776,2021-01-14 17:58:00,107089,131538.0,False,5.0,3.0,4.0,142.96298,192.62231,0.0,False,6.0,1.0,2.0,"{'bias': -60.0, 'name': '-01'}",Android,166.0,-2.223053,8.0,False,False,5.0,5.0,0.0,5.0,0.0,False,False,"[0.0, 0.0, 0.0, 0.0, 0.0, 0.0, 0.0, 0.0]","[0.0, 0.0, 0.0, 0.0, 0.0, 0.0, 0.0, 0.0]",342.0,130974.0,4.0,133169.0,5.0,0.0,7.0,4.0,True,38.0,1.0,False,,False,False,-36.0,0.0,0.0,"[0.0, 0.0, 0.0, 0.0, 0.0, 0.0, -0.0]",341.0,12.0,0.9990789776652084,2.0,12.0,2.0,9,112.0,0.0,37.0,75.0,False,1.0,2719
1608290560_3509209088,2020-12-18 11:23:32,61202,97381.0,False,0.0,5.0,3.0,-20.800018,44.399963,0.0,True,2.0,1.0,2.0,"{'bias': 0.0, 'name': 'WET'}",iOS,6384.0,287.99997,8.0,False,False,0.0,1.0,1.0,-1.0,-1.0,False,False,"[1.0, -1.0, -1.0, -5.0, 0.0, 5.0, 4.0, 3.0]","[1.0, -1.0, -1.0, -5.0, 0.0, 5.0, 4.0, 3.0]",1.0,90997.0,3.0,105479.0,0.0,0.0,7.0,3.0,True,2.0,0.0,False,,False,False,,0.0,0.0,[-0.0],1.0,112.0,0.3794228260035306,1.0,other,1.0,5,2.0,0.0,,,False,1.0,1201
1608290560_3509209088,2020-12-18 11:23:32,61202,83348.0,True,1.0,0.0,2.0,-39.200012,-8.400024,0.0,True,6.0,1.0,2.0,"{'bias': 0.0, 'name': 'WET'}",iOS,4101.0,-64.8,1.0,True,True,5.0,5.0,0.0,-5.0,-0.0,True,False,[-0.0],[-0.0],10219.0,83348.0,3.0,83930.0,5.0,0.0,1.0,3.0,False,2.0,0.0,False,,False,False,,1.0,,"[-2.0, -2.0, -2.0, 2.0, -2.0, -2.0, -0.0]",10192.0,1.0,1.0,112.0,1.0,other,4,2.0,1.0,,,False,1.0,1201
1619377557_554053837,2021-04-25 20:09:03,191300,216326.0,False,0.0,2.0,2.0,47.5,-120.13678,0.0,False,2.0,1.0,2.09,"{'bias': 60.0, 'name': 'BST'}",Android,1784.0,-258.49835,5.0,False,False,0.0,1.0,1.0,1.0,1.0,False,False,"[0.0, 1.0, 5.0, 1.0, 5.0]","[0.0, 1.0, 5.0, 1.0, 5.0]",4.0,208775.0,3.0,218691.0,0.0,0.0,7.0,3.0,False,0.0,4.0,False,11.0,True,True,0.0,0.0,0.0,"[2.0, 4.0, 2.0, 3.0, 5.0]",4.0,109.0,0.9087036610637808,111.0,other,other,26,182.0,0.0,182.0,0.0,False,14.0,3688
1608333952_4174515712,2020-12-21 14:05:22,84796,103260.0,False,3.0,3.0,3.0,-66.1111,115.41943,0.0,False,5.0,1.0,2.0,"{'bias': 0.0, 'name': 'WET'}",Android,208.0,-7.222519,7.0,False,False,3.0,4.0,1.0,4.0,1.0,False,False,"[1.0, 1.0, 1.0, 1.0, 1.0, 1.0, 1.0]","[1.0, 1.0, 1.0, 1.0, 1.0, 1.0, 1.0]",72.0,102829.0,6.0,105036.0,3.0,0.0,7.0,6.0,False,144.0,10.0,True,8.0,True,False,144.0,0.0,0.0,"[5.0, -4.0, -3.0, -2.0, -1.0, -0.0]",72.0,48.0,0.996008903215903,100.0,other,other,9,72.0,0.0,0.0,72.0,False,12.0,1290
1608233856_1377889536,2020-12-17 19:37:33,32091,72002.0,True,0.0,0.0,4.0,194.44446,-15.705933,0.0,False,1.0,1.0,2.0,"{'bias': 0.0, 'name': 'WET'}",Android,483.0,12.779327,7.0,False,False,0.0,0.0,0.0,0.0,0.0,False,False,"[0.0, 0.0, 0.0, 0.0, 0.0, 0.0, -0.0]","[0.0, 0.0, 0.0, 0.0, 0.0, 0.0, -0.0]",8090.0,70767.0,6.0,74893.0,0.0,0.0,6.0,6.0,False,144.0,0.0,True,0.0,True,True,,36.0,36.0,"[0.0, 0.0, 0.0, 0.0, 0.0, 0.0, -0.0]",8062.0,2.0,0.9999232481387672,2.0,2.0,2.0,4,72.0,36.0,,,False,1.0,1072
1608333952_4174515712,2020-12-21 14:04:04,6739,74928.0,False,0.0,2.0,3.0,104.44446,-18.484009,0.0,False,1.0,1.0,2.0,"{'bias': 0.0, 'name': 'WET'}",Android,2556.0,72.22388,7.0,False,True,0.0,0.0,0.0,0.0,0.0,False,False,"[5.0, 4.0, 3.0, 2.0, 1.0, 0.0, 0.0]","[5.0, 4.0, 3.0, 2.0, 1.0, 0.0, 0.0]",196.0,66141.0,3.0,75225.0,0.0,0.0,7.0,3.0,True,0.0,9.0,False,8.0,True,False,-216.0,0.0,0.0,"[0.0, 4.0, 0.0, 1.0, 1.0, 2.0, 3.0, 4.0]",196.0,28.0,0.9978509478854862,112.0,other,other,3,0.0,0.0,,,False,12.0,1290
1608333952_4174515712,2020-12-18 23:30:39,329486,335976.0,False,0.0,3.0,1.0,-217.22223,32.63269,0.0,False,4.0,1.0,2.0,"{'bias': 0.0, 'name': 'WET'}",Android,623.0,-12.222473,7.0,False,False,0.0,3.0,3.0,3.0,3.0,False,False,"[3.0, 3.0, 3.0, 3.0, 3.0, 3.0, 3.0]","[3.0, 3.0, 3.0, 3.0, 3.0, 3.0, 3.0]",289.0,332865.0,3.0,337611.0,0.0,0.0,7.0,3.0,False,16.0,4.0,False,8.0,True,True,16.0,0.0,0.0,,283.0,18.0,0.9986184664978126,108.0,18.0,other,22,145.0,0.0,145.0,0.0,False,12.0,1290
1619377557_554053837,2021-04-25 20:14:05,493184,499969.0,False,0.0,5.0,2.0,37.5,-120.13678,0.0,False,2.0,1.0,2.09,"{'bias': 60.0, 'name': 'BST'}",Android,3183.0,66.55975,7.0,True,False,0.0,1.0,1.0,1.0,1.0,False,False,"[1.0, 2.0, 3.0, 4.0, 5.0, 0.0, -0.0]","[1.0, 2.0, 3.0, 4.0, 5.0, 0.0, -0.0]",769.0,499969.0,6.0,502247.0,0.0,0.0,6.0,6.0,False,148.0,11.0,True,11.0,True,True,130.0,36.0,,"[1.0, -0.0]",769.0,5.0,0.9996929925550696,35.0,5.0,other,55,543.0,36.0,485.0,58.0,False,14.0,3688
1608333952_4174515712,2020-12-18 23:34:33,563164,582245.0,True,3.0,0.0,2.0,123.33334,252.65656,0.0,True,5.0,1.0,2.0,"{'bias': 0.0, 'name': 'WET'}",Android,805.0,274.4699,6.0,False,False,3.0,4.0,1.0,-4.0,-1.0,False,False,"[5.0, -4.0, -3.0, -2.0, -1.0, -0.0]","[5.0, -4.0, -3.0, -2.0, -1.0, -0.0]",13.0,577756.0,6.0,583749.0,3.0,0.0,6.0,6.0,False,216.0,8.0,True,8.0,True,True,180.0,36.0,36.0,"[5.0, -4.0, 3.0, -2.0, -1.0, -0.0]",13.0,100.0,0.9732136004298104,112.0,other,other,43,523.0,36.0,307.0,216.0,True,12.0,1290
1608333952_4174515712,2021-02-03 13:22:21,2142033,2169388.0,True,3.0,0.0,6.0,-86.66666,122.642456,0.0,False,5.0,1.0,2.0,"{'bias': 0.0, 'name': 'WET'}",Android,218.0,-13.33432,6.0,False,False,3.0,4.0,1.0,4.0,1.0,False,False,"[1.0, 1.0, 1.0, 1.0, 1.0, -0.0]","[1.0, 1.0, 1.0, 1.0, 1.0, -0.0]",30.0,2168631.0,6.0,2170821.0,3.0,0.0,6.0,6.0,True,216.0,16.0,True,8.0,True,False,0.0,36.0,36.0,"[1.0, 1.0, 1.0, 1.0, 1.0, -0.0]",30.0,83.0,0.9892163634968149,83.0,other,other,71,1495.0,36.0,1279.0,216.0,True,12.0,1290
1619377557_554053837,2021-04-25 22:25:30,291551,330224.0,False,0.0,2.0,4.0,150.0,-6.729675,0.0,False,1.0,1.0,2.09,"{'bias': 60.0, 'name': 'BST'}",Android,1662.0,49.249664,7.0,False,False,0.0,0.0,0.0,0.0,0.0,False,False,"[1.0, 2.0, 1.0, 2.0, 1.0, 0.0, -0.0]","[1.0, 2.0, 1.0, 2.0, 1.0, 0.0, -0.0]",14.0,325443.0,6.0,331421.0,0.0,0.0,6.0,6.0,False,216.0,14.0,True,11.0,True,False,216.0,36.0,36.0,"[5.0, 4.0, 3.0, 2.0, 1.0, 0.0, -0.0]",14.0,99.0,0.9752475247524752,7.0,other,7.0,35,368.0,36.0,208.0,160.0,True,14.0,3688
1608333952_4174515712,2021-02-03 13:22:21,2142033,2143342.0,False,5.0,3.0,1.0,143.88892,3.185059,0.0,False,1.0,1.0,2.0,"{'bias': 0.0, 'name': 'WET'}",Android,159.0,0.00079393387,6.0,False,False,5.0,0.0,1.0,0.0,1.0,False,False,"[1.0, 1.0, 1.0, 1.0, 1.0, -0.0]","[1.0, 1.0, 1.0, 1.0, 1.0, -0.0]",30.0,2143026.0,6.0,2145245.0,5.0,0.0,6.0,6.0,False,216.0,16.0,True,8.0,True,False,0.0,36.0,36.0,,30.0,83.0,0.9892163634968149,71.0,other,other,66,1315.0,36.0,1099.0,216.0,True,12.0,1290
1608290560_3509209088,2020-12-18 11:23:32,61202,98163.0,False,0.0,5.0,3.0,-39.200012,58.0,0.0,True,2.0,1.0,2.0,"{'bias': 0.0, 'name': 'WET'}",iOS,782.0,32.00003,8.0,False,False,0.0,1.0,1.0,-1.0,-1.0,False,False,"[1.0, -1.0, -1.0, -5.0, 0.0, 5.0, 4.0, 3.0]","[1.0, -1.0, -1.0, -5.0, 0.0, 5.0, 4.0, 3.0]",1.0,90997.0,3.0,105479.0,0.0,0.0,7.0,3.0,True,2.0,0.0,False,,False,False,,0.0,0.0,[-0.0],1.0,112.0,0.3794228260035306,1.0,other,1.0,5,2.0,0.0,,,False,1.0,1201
1619377557_554053837,2021-04-25 20:11:11,319028,343634.0,False,0.0,4.0,3.0,40.0,165.88275,0.0,True,4.0,1.0,2.09,"{'bias': 60.0, 'name': 'BST'}",Android,1697.0,225.11078,4.0,False,False,0.0,3.0,3.0,-3.0,-3.0,False,False,"[-3.0, -3.0, -3.0, -0.0]","[-3.0, -3.0, -3.0, -0.0]",36.0,341937.0,4.0,346625.0,0.0,0.0,4.0,4.0,False,22.0,6.0,False,11.0,True,True,-20.0,16.0,16.0,[-0.0],36.0,77.0,0.990943280374549,1.0,other,1.0,40,461.0,16.0,332.0,129.0,True,14.0,3688
1619377557_554053837,2021-04-25 22:23:31,172296,219375.0,False,0.0,2.0,2.0,-24.166687,-1.726379,0.0,False,4.0,1.0,2.09,"{'bias': 60.0, 'name': 'BST'}",Android,3821.0,90.825226,6.0,False,True,0.0,3.0,3.0,3.0,3.0,False,False,"[1.0, 2.0, 4.0, 5.0, 0.0, 3.0]","[1.0, 2.0, 4.0, 5.0, 0.0, 3.0]",2.0,207458.0,3.0,219676.0,0.0,0.0,7.0,3.0,False,0.0,13.0,False,11.0,True,False,-1.0,0.0,0.0,"[1.0, 2.0, 4.0, 0.0, 0.0]",2.0,111.0,0.8077365876122496,108.0,other,other,23,182.0,0.0,182.0,0.0,False,14.0,3688
1619377557_554053837,2021-04-25 20:09:03,191300,221344.0,False,0.0,2.0,3.0,76.66666,-5.895752,0.0,False,1.0,1.0,2.09,"{'bias': 60.0, 'name': 'BST'}",Android,2949.0,-180.9191,5.0,True,False,0.0,0.0,0.0,0.0,0.0,False,False,"[0.0, 3.0, 2.0, 3.0, 4.0]","[0.0, 3.0, 2.0, 3.0, 4.0]",7.0,221344.0,3.0,226264.0,0.0,0.0,7.0,3.0,True,0.0,4.0,False,11.0,True,True,0.0,0.0,,"[0.0, 1.0, 5.0, 1.0, 5.0]",7.0,106.0,0.9483459973904368,109.0,other,other,27,182.0,0.0,182.0,0.0,False,14.0,3688
1608333952_4174515712,2020-12-18 23:34:33,563164,607592.0,True,0.0,4.0,5.0,116.66669,264.32446,0.0,True,5.0,1.0,2.0,"{'bias': 0.0, 'name': 'WET'}",Android,1058.0,225.01462,6.0,False,False,0.0,4.0,4.0,-4.0,-4.0,False,False,"[-5.0, -4.0, -3.0, -2.0, -1.0, -0.0]","[-5.0, -4.0, -3.0, -2.0, -1.0, -0.0]",157.0,606534.0,6.0,611402.0,0.0,0.0,6.0,6.0,False,216.0,8.0,True,8.0,True,True,180.0,36.0,36.0,"[-5.0, -4.0, -3.0, -2.0, -1.0, -0.0]",157.0,31.0,0.997582316371172,31.0,other,other,46,631.0,36.0,415.0,216.0,True,12.0,1290
1608333952_4174515712,2021-02-03 13:22:21,2142033,2170128.0,True,3.0,0.0,6.0,-100.55554,244.32233,0.0,True,4.0,1.0,2.0,"{'bias': 0.0, 'name': 'WET'}",Android,740.0,135.56876,6.0,False,True,3.0,3.0,0.0,-3.0,-0.0,True,False,"[1.0, 1.0, 1.0, 1.0, 1.0, -0.0]","[1.0, 1.0, 1.0, 1.0, 1.0, -0.0]",30.0,2168631.0,6.0,2170821.0,3.0,0.0,6.0,6.0,True,216.0,16.0,True,8.0,True,False,0.0,36.0,36.0,"[1.0, 1.0, 1.0, 1.0, 1.0, -0.0]",30.0,83.0,0.9892163634968149,83.0,other,other,71,1495.0,36.0,1279.0,216.0,True,12.0,1290
1610650624_4196779776,2021-01-14 17:57:04,51262,57524.0,True,0.0,3.0,1.0,29.629639,12.57019,0.0,False,1.0,1.0,2.0,"{'bias': -60.0, 'name': '-01'}",Android,1344.0,208.88977,7.0,False,False,0.0,0.0,0.0,0.0,0.0,False,False,"[0.0, 0.0, 0.0, 0.0, 0.0, 0.0, -5.0, 5.0, -0.0]","[0.0, 0.0, 0.0, 0.0, 0.0, 0.0, -5.0, 5.0, -0.0]",2.0,56180.0,5.0,65529.0,0.0,0.0,6.0,5.0,False,74.0,0.0,False,,False,False,,36.0,36.0,,2.0,111.0,0.8077365876122496,3.0,other,3.0,1,36.0,36.0,,,False,1.0,2719
1619377557_554053837,2021-04-25 20:06:52,60755,77040.0,False,0.0,3.0,2.0,-90.83334,185.06189,0.0,False,5.0,1.0,2.09,"{'bias': 60.0, 'name': 'BST'}",Android,1389.0,457.70413,5.0,False,False,0.0,4.0,4.0,4.0,4.0,False,False,"[1.0, 4.0, 3.0, 4.0, 3.0]","[1.0, 4.0, 3.0, 4.0, 3.0]",2.0,75651.0,3.0,82530.0,0.0,0.0,7.0,3.0,False,0.0,1.0,False,11.0,True,True,-1.0,0.0,0.0,"[3.0, 0.0, 4.0, 2.0]",2.0,111.0,0.8077365876122496,72.0,other,other,8,2.0,0.0,1.0,1.0,False,14.0,3688
1619377557_554053837,2021-04-25 22:25:30,291551,295955.0,False,0.0,0.0,1.0,77.5,-134.31268,0.0,False,2.0,1.0,2.09,"{'bias': 60.0, 'name': 'BST'}",Android,51161.0,-190.89465,7.0,True,False,0.0,1.0,1.0,1.0,1.0,False,False,"[1.0, 2.0, 3.0, 4.0, 5.0, 0.0, -0.0]","[1.0, 2.0, 3.0, 4.0, 5.0, 0.0, -0.0]",769.0,295955.0,6.0,304471.0,0.0,0.0,6.0,6.0,False,216.0,14.0,True,11.0,True,False,216.0,36.0,,,769.0,5.0,0.9996929925550696,112.0,5.0,first,32,260.0,36.0,182.0,78.0,False,14.0,3688
1608333952_4174515712,2020-12-18 23:30:39,329486,332865.0,False,0.0,3.0,1.0,-238.33333,15.408569,0.0,False,4.0,1.0,2.0,"{'bias': 0.0, 'name': 'WET'}",Android,15918.0,301.12903,7.0,True,False,0.0,3.0,3.0,3.0,3.0,False,False,"[3.0, 3.0, 3.0, 3.0, 3.0, 3.0, 3.0]","[3.0, 3.0, 3.0, 3.0, 3.0, 3.0, 3.0]",289.0,332865.0,3.0,337611.0,0.0,0.0,7.0,3.0,False,16.0,4.0,False,8.0,True,True,16.0,0.0,,,283.0,18.0,0.9986184664978126,108.0,18.0,first,22,145.0,0.0,145.0,0.0,False,12.0,1290
1608333952_4174515712,2020-12-18 23:34:33,563164,564870.0,True,1.0,5.0,1.0,-112.22221,203.76233,0.0,False,5.0,1.0,2.0,"{'bias': 0.0, 'name': 'WET'}",Android,9823.0,13.878433,6.0,True,False,5.0,4.0,5.0,4.0,5.0,False,False,"[5.0, -4.0, 3.0, -2.0, -1.0, -0.0]","[5.0, -4.0, 3.0, -2.0, -1.0, -0.0]",1.0,564870.0,6.0,571535.0,5.0,0.0,6.0,6.0,False,216.0,8.0,True,8.0,True,True,180.0,36.0,,,1.0,112.0,0.3794228260035306,108.0,other,first,42,487.0,36.0,271.0,216.0,True,12.0,1290
1619377557_554053837,2021-04-25 20:10:08,256124,281709.0,False,0.0,0.0,2.0,-190.83334,14.951111,0.0,False,4.0,1.0,2.09,"{'bias': 60.0, 'name': 'BST'}",Android,864.0,241.74591,5.0,False,False,0.0,3.0,3.0,3.0,3.0,False,False,"[-3.0, -3.0, -3.0, 3.0, -0.0]","[-3.0, -3.0, -3.0, 3.0, -0.0]",2.0,273232.0,4.0,285273.0,0.0,0.0,5.0,4.0,False,42.0,5.0,False,11.0,True,True,42.0,25.0,25.0,"[5.0, -5.0, 5.0, -0.0]",2.0,111.0,0.8077365876122496,110.0,other,other,29,208.0,25.0,182.0,26.0,False,14.0,3688
1619377557_554053837,2021-04-25 20:14:05,493184,529116.0,False,0.0,0.0,6.0,-93.33334,110.846924,0.0,False,5.0,1.0,2.09,"{'bias': 60.0, 'name': 'BST'}",Android,457.0,66.75574,7.0,False,False,0.0,4.0,4.0,4.0,4.0,False,False,"[1.0, 2.0, 3.0, 4.0, 5.0, 0.0, -0.0]","[1.0, 2.0, 3.0, 4.0, 5.0, 0.0, -0.0]",769.0,527816.0,6.0,531347.0,0.0,0.0,6.0,6.0,True,148.0,11.0,True,11.0,True,True,130.0,36.0,36.0,"[1.0, 2.0, 3.0, 4.0, 5.0, 0.0, -0.0]",769.0,5.0,0.9996929925550696,5.0,5.0,5.0,59,651.0,36.0,503.0,148.0,True,14.0,3688
1619377557_554053837,2021-04-25 20:06:09,17432,21768.0,False,0.0,1.0,1.0,-201.66667,-42.586304,0.0,True,1.0,1.0,2.09,"{'bias': 60.0, 'name': 'BST'}",Android,-39529.0,192.0131,1.0,True,True,0.0,0.0,0.0,-0.0,-0.0,True,False,[-0.0],[-0.0],10219.0,21768.0,3.0,22362.0,0.0,0.0,1.0,3.0,False,1.0,0.0,False,11.0,True,True,,1.0,,,10192.0,1.0,1.0,109.0,1.0,first,1,1.0,1.0,,,False,14.0,3688
1608333952_4174515712,2021-02-03 13:19:51,1991816,2027709.0,False,4.0,4.0,6.0,-187.77777,-27.37384,0.0,False,4.0,1.0,2.0,"{'bias': 0.0, 'name': 'WET'}",Android,3685.0,-88.89577,6.0,True,False,4.0,3.0,5.0,3.0,5.0,False,False,"[5.0, 5.0, 5.0, 5.0, 5.0, -0.0]","[5.0, 5.0, 5.0, 5.0, 5.0, -0.0]",42.0,2027709.0,6.0,2031323.0,4.0,0.0,6.0,6.0,True,216.0,13.0,True,8.0,True,False,216.0,36.0,,"[5.0, 5.0, 5.0, 5.0, 5.0, -0.0]",42.0,71.0,0.9924783175992018,71.0,other,other,53,847.0,36.0,667.0,180.0,True,12.0,1290
1610650624_4196779776,2021-01-14 17:57:04,51262,73881.0,True,1.0,5.0,3.0,78.518524,205.95953,0.0,False,6.0,1.0,2.0,"{'bias': -60.0, 'name': '-01'}",Android,4044.0,185.30096,7.0,True,False,5.0,5.0,0.0,5.0,0.0,False,False,"[0.0, 0.0, 0.0, 0.0, 0.0, 0.0, 0.0]","[0.0, 0.0, 0.0, 0.0, 0.0, 0.0, 0.0]",3209.0,73881.0,5.0,81713.0,5.0,0.0,7.0,5.0,False,74.0,0.0,False,,False,False,,0.0,,[0.0],3204.0,3.0,0.9998464962775347,20.0,3.0,other,3,37.0,0.0,,,False,1.0,2719
1619377557_554053837,2021-04-25 22:25:30,291551,319066.0,False,0.0,4.0,3.0,-171.66667,-9.231262,0.0,False,4.0,1.0,2.09,"{'bias': 60.0, 'name': 'BST'}",Android,555.0,-32.583603,7.0,False,False,0.0,3.0,3.0,3.0,3.0,False,False,"[5.0, 4.0, 3.0, 2.0, 1.0, 0.0, -0.0]","[5.0, 4.0, 3.0, 2.0, 1.0, 0.0, -0.0]",517.0,317743.0,6.0,322077.0,0.0,0.0,6.0,6.0,False,216.0,14.0,True,11.0,True,False,216.0,36.0,36.0,"[1.0, 2.0, 3.0, 4.0, 5.0, 0.0, -0.0]",517.0,7.0,0.9995394888326042,5.0,7.0,5.0,34,332.0,36.0,183.0,149.0,True,14.0,3688
1608333952_4174515712,2020-12-18 23:30:39,329486,333916.0,False,0.0,3.0,1.0,-223.88889,29.29895,0.0,False,4.0,1.0,2.0,"{'bias': 0.0, 'name': 'WET'}",Android,1051.0,-0.5540619,7.0,False,False,0.0,3.0,3.0,3.0,3.0,False,False,"[3.0, 3.0, 3.0, 3.0, 3.0, 3.0, 3.0]","[3.0, 3.0, 3.0, 3.0, 3.0, 3.0, 3.0]",289.0,332865.0,3.0,337611.0,0.0,0.0,7.0,3.0,False,16.0,4.0,False,8.0,True,True,16.0,0.0,0.0,,283.0,18.0,0.9986184664978126,108.0,18.0,other,22,145.0,0.0,145.0,0.0,False,12.0,1290
1619377557_554053837,2021-04-25 20:12:48,416728,451715.0,False,0.0,5.0,3.0,-136.66667,136.69708,0.0,False,5.0,1.0,2.09,"{'bias': 60.0, 'name': 'BST'}",Android,5237.0,50.068954,5.0,True,False,0.0,4.0,4.0,4.0,4.0,False,False,"[4.0, 3.0, 4.0, 1.0, 2.0]","[4.0, 3.0, 4.0, 1.0, 2.0]",1.0,451715.0,3.0,457848.0,0.0,0.0,7.0,3.0,True,0.0,9.0,False,11.0,True,True,-17.0,0.0,,"[-3.0, -2.0, 1.0, 0.0, 5.0, 4.0, 3.0, 3.0]",1.0,112.0,0.3794228260035306,112.0,other,other,50,485.0,0.0,468.0,17.0,False,14.0,3688
1608290560_3509209088,2020-12-18 11:24:38,127499,147663.0,True,2.0,2.0,2.0,-204.8,-0.400024,0.0,False,4.0,1.0,2.0,"{'bias': 0.0, 'name': 'WET'}",iOS,934.0,0.79998803,7.0,False,False,4.0,3.0,5.0,3.0,5.0,False,False,"[5.0, 5.0, 5.0, 5.0, 5.0, 5.0, 5.0]","[5.0, 5.0, 5.0, 5.0, 5.0, 5.0, 5.0]",72.0,142412.0,3.0,151078.0,4.0,0.0,7.0,3.0,False,1.0,1.0,False,,False,False,-1.0,0.0,0.0,"[0.0, -0.0]",72.0,48.0,0.996008903215903,4.0,other,4.0,7,3.0,0.0,0.0,3.0,False,1.0,1201
1608333952_4174515712,2021-02-03 13:22:21,2142033,2158586.0,False,0.0,1.0,4.0,87.22223,137.64404,0.0,False,6.0,1.0,2.0,"{'bias': 0.0, 'name': 'WET'}",Android,190.0,7.2226257,6.0,False,False,0.0,5.0,5.0,5.0,5.0,False,False,"[5.0, 5.0, 5.0, 5.0, 5.0, -0.0]","[5.0, 5.0, 5.0, 5.0, 5.0, -0.0]",42.0,2158396.0,6.0,2160609.0,0.0,0.0,6.0,6.0,False,216.0,16.0,True,8.0,True,False,0.0,36.0,36.0,"[5.0, 5.0, 5.0, 5.0, 5.0, -0.0]",42.0,71.0,0.9924783175992018,71.0,other,other,69,1423.0,36.0,1207.0,216.0,True,12.0,1290
1608290560_3509209088,2021-04-30 21:09:23,4860,13526.0,True,2.0,2.0,2.0,-80.80002,181.99994,0.0,False,5.0,1.0,2.09,"{'bias': 60.0, 'name': 'WEST'}",iOS,2935.0,164.79999,7.0,True,False,4.0,4.0,0.0,4.0,0.0,False,False,"[0.0, 5.0, 0.0, 5.0, 0.0, 5.0, 0.0]","[0.0, 5.0, 0.0, 5.0, 0.0, 5.0, 0.0]",23.0,13526.0,2.0,17157.0,4.0,0.0,7.0,2.0,True,0.0,2.0,False,,False,False,-1.0,0.0,,"[-4.0, -3.0, 2.0, 1.0, 0.0, 5.0, 4.0]",23.0,90.0,0.9859160334638116,112.0,other,other,2,0.0,0.0,,,False,1.0,1201
1608333952_4174515712,2020-12-21 14:04:04,6739,47332.0,True,5.0,0.0,2.0,119.44446,-232.39609,0.0,False,0.0,1.0,2.0,"{'bias': 0.0, 'name': 'WET'}",Android,3683.0,-30.000854,7.0,False,False,1.0,-1.0,4.0,-1.0,4.0,False,False,"[0.0, 4.0, 0.0, 1.0, 1.0, 2.0, 3.0, 4.0]","[0.0, 4.0, 0.0, 1.0, 1.0, 2.0, 3.0, 4.0]",1.0,43649.0,3.0,59432.0,1.0,0.0,7.0,3.0,False,0.0,9.0,False,8.0,True,False,-216.0,0.0,0.0,"[0.0, 0.0, 0.0, 0.0, 0.0, 0.0, 0.0]",1.0,112.0,0.3794228260035306,3.0,other,3.0,2,0.0,0.0,,,False,12.0,1290
1619377557_554053837,2021-04-25 20:11:11,319028,345401.0,False,0.0,4.0,3.0,-230.0,-24.241028,0.0,True,1.0,1.0,2.09,"{'bias': 60.0, 'name': 'BST'}",Android,761.0,377.46686,4.0,False,True,0.0,0.0,0.0,-0.0,-0.0,True,False,"[-3.0, -3.0, -3.0, -0.0]","[-3.0, -3.0, -3.0, -0.0]",36.0,341937.0,4.0,346625.0,0.0,0.0,4.0,4.0,False,22.0,6.0,False,11.0,True,True,-20.0,16.0,16.0,[-0.0],36.0,77.0,0.990943280374549,1.0,other,1.0,40,461.0,16.0,332.0,129.0,True,14.0,3688
1608333952_4174515712,2020-12-18 23:31:24,374883,406423.0,False,4.0,5.0,4.0,-43.333313,92.63916,0.0,True,5.0,1.0,2.0,"{'bias': 0.0, 'name': 'WET'}",Android,3390.0,-183.34625,2.0,False,True,4.0,4.0,0.0,-4.0,-0.0,True,False,"[0.0, -0.0]","[0.0, -0.0]",2658.0,403033.0,4.0,406721.0,4.0,0.0,1.0,4.0,True,34.0,5.0,False,8.0,True,True,18.0,1.0,1.0,"[-3.0, -3.0, -0.0]",2650.0,4.0,0.999769744416302,42.0,4.0,other,28,195.0,1.0,145.0,50.0,False,12.0,1290
1608333952_4174515712,2020-12-18 23:29:45,275871,301086.0,False,4.0,4.0,2.0,-224.44444,12.630493,0.0,False,4.0,1.0,2.0,"{'bias': 0.0, 'name': 'WET'}",Android,1448.0,497.78284,5.0,False,False,4.0,3.0,5.0,3.0,5.0,False,False,"[1.0, 2.0, 5.0, 0.0, 0.0]","[1.0, 2.0, 5.0, 0.0, 0.0]",11.0,297693.0,3.0,304854.0,4.0,0.0,7.0,3.0,False,0.0,3.0,False,8.0,True,True,0.0,0.0,0.0,"[1.0, 2.0, 5.0, 0.0, 3.0]",11.0,102.0,0.9678025942129096,111.0,other,other,20,145.0,0.0,144.0,1.0,False,12.0,1290
1608333952_4174515712,2020-12-18 23:29:45,275871,314682.0,True,4.0,0.0,3.0,-123.33333,-160.72162,0.0,False,3.0,1.0,2.0,"{'bias': 0.0, 'name': 'WET'}",Android,681.0,6.111862,7.0,False,False,2.0,2.0,0.0,2.0,0.0,False,False,"[3.0, 3.0, 0.0, 0.0, 0.0, 0.0, 0.0, 0.0, 0.0]","[3.0, 3.0, 0.0, 0.0, 0.0, 0.0, 0.0, 0.0, 0.0]",5.0,309021.0,3.0,317220.0,2.0,0.0,7.0,3.0,True,0.0,3.0,False,8.0,True,True,0.0,0.0,0.0,"[1.0, 2.0, 5.0, 0.0, 0.0]",5.0,108.0,0.9266635965922172,102.0,other,other,21,145.0,0.0,145.0,0.0,False,12.0,1290
1619377557_554053837,2021-04-25 20:14:05,493184,528659.0,False,0.0,0.0,6.0,-163.33334,-25.908813,0.0,False,4.0,1.0,2.09,"{'bias': 60.0, 'name': 'BST'}",Android,387.0,190.91852,7.0,False,False,0.0,3.0,3.0,3.0,3.0,False,False,"[1.0, 2.0, 3.0, 4.0, 5.0, 0.0, -0.0]","[1.0, 2.0, 3.0, 4.0, 5.0, 0.0, -0.0]",769.0,527816.0,6.0,531347.0,0.0,0.0,6.0,6.0,True,148.0,11.0,True,11.0,True,True,130.0,36.0,36.0,"[1.0, 2.0, 3.0, 4.0, 5.0, 0.0, -0.0]",769.0,5.0,0.9996929925550696,5.0,5.0,5.0,59,651.0,36.0,503.0,148.0,True,14.0,3688
1608233856_1377889536,2020-12-17 19:37:33,32091,80273.0,True,1.0,1.0,5.0,100.55557,122.642395,0.0,False,6.0,1.0,2.0,"{'bias': 0.0, 'name': 'WET'}",Android,768.0,1.6662292,7.0,False,False,5.0,5.0,0.0,5.0,0.0,False,False,"[0.0, 0.0, 0.0, 0.0, 0.0, 0.0, -0.0]","[0.0, 0.0, 0.0, 0.0, 0.0, 0.0, -0.0]",8090.0,78069.0,6.0,81595.0,5.0,0.0,6.0,6.0,False,144.0,0.0,True,0.0,True,True,,36.0,36.0,"[0.0, 0.0, 0.0, 0.0, 0.0, 0.0, -0.0]",8062.0,2.0,0.9999232481387672,2.0,2.0,2.0,5,108.0,36.0,,,False,1.0,1072
1608233856_1377889536,2020-12-17 19:37:33,32091,79203.0,True,1.0,1.0,5.0,108.888916,121.53119,0.0,False,6.0,1.0,2.0,"{'bias': 0.0, 'name': 'WET'}",Android,334.0,6.6671753,7.0,False,False,5.0,5.0,0.0,5.0,0.0,False,False,"[0.0, 0.0, 0.0, 0.0, 0.0, 0.0, -0.0]","[0.0, 0.0, 0.0, 0.0, 0.0, 0.0, -0.0]",8090.0,78069.0,6.0,81595.0,5.0,0.0,6.0,6.0,False,144.0,0.0,True,0.0,True,True,,36.0,36.0,"[0.0, 0.0, 0.0, 0.0, 0.0, 0.0, -0.0]",8062.0,2.0,0.9999232481387672,2.0,2.0,2.0,5,108.0,36.0,,,False,1.0,1072
1610650624_4196779776,2021-01-14 17:58:00,107089,131938.0,False,5.0,3.0,4.0,140.74075,192.62231,0.0,False,6.0,1.0,2.0,"{'bias': -60.0, 'name': '-01'}",Android,116.0,-2.2229004,8.0,False,False,5.0,5.0,0.0,5.0,0.0,False,False,"[0.0, 0.0, 0.0, 0.0, 0.0, 0.0, 0.0, 0.0]","[0.0, 0.0, 0.0, 0.0, 0.0, 0.0, 0.0, 0.0]",342.0,130974.0,4.0,133169.0,5.0,0.0,7.0,4.0,True,38.0,1.0,False,,False,False,-36.0,0.0,0.0,"[0.0, 0.0, 0.0, 0.0, 0.0, 0.0, -0.0]",341.0,12.0,0.9990789776652084,2.0,12.0,2.0,9,112.0,0.0,37.0,75.0,False,1.0,2719
1608333952_4174515712,2020-12-21 14:16:32,526726,535722.0,False,4.0,2.0,2.0,135.00003,167.09174,0.0,False,6.0,1.0,2.0,"{'bias': 0.0, 'name': 'WET'}",Android,212.0,23.335266,6.0,False,False,4.0,5.0,1.0,5.0,1.0,False,False,"[1.0, 1.0, 1.0, 1.0, 1.0, -0.0]","[1.0, 1.0, 1.0, 1.0, 1.0, -0.0]",30.0,535315.0,6.0,538239.0,4.0,0.0,6.0,6.0,False,216.0,11.0,True,8.0,True,False,72.0,36.0,36.0,"[5.0, 5.0, 5.0, 5.0, 5.0, -0.0]",30.0,83.0,0.9892163634968149,71.0,other,other,37,307.0,36.0,199.0,108.0,False,12.0,1290
1608333952_4174515712,2020-12-18 23:34:33,563164,610818.0,True,0.0,4.0,5.0,50.555573,-208.50461,0.0,True,1.0,1.0,2.0,"{'bias': 0.0, 'name': 'WET'}",Android,834.0,-221.67293,6.0,False,True,0.0,0.0,0.0,-0.0,-0.0,True,False,"[-5.0, -4.0, -3.0, -2.0, -1.0, -0.0]","[-5.0, -4.0, -3.0, -2.0, -1.0, -0.0]",157.0,606534.0,6.0,611402.0,0.0,0.0,6.0,6.0,False,216.0,8.0,True,8.0,True,True,180.0,36.0,36.0,"[-5.0, -4.0, -3.0, -2.0, -1.0, -0.0]",157.0,31.0,0.997582316371172,31.0,other,other,46,631.0,36.0,415.0,216.0,True,12.0,1290
1610650624_4196779776,2021-01-14 17:57:04,51262,61221.0,True,0.0,3.0,1.0,64.44446,-17.067993,0.0,False,1.0,1.0,2.0,"{'bias': -60.0, 'name': '-01'}",Android,266.0,-10.370605,7.0,False,False,0.0,0.0,0.0,0.0,0.0,False,False,"[0.0, 0.0, 0.0, 0.0, 0.0, 0.0, -5.0, 5.0, -0.0]","[0.0, 0.0, 0.0, 0.0, 0.0, 0.0, -5.0, 5.0, -0.0]",2.0,56180.0,5.0,65529.0,0.0,0.0,6.0,5.0,False,74.0,0.0,False,,False,False,,36.0,36.0,,2.0,111.0,0.8077365876122496,3.0,other,3.0,1,36.0,36.0,,,False,1.0,2719
1608333952_4174515712,2020-12-18 23:30:39,329486,346515.0,False,2.0,0.0,2.0,-147.77777,172.09222,0.0,False,5.0,1.0,2.0,"{'bias': 0.0, 'name': 'WET'}",Android,9204.0,80.57089,5.0,True,False,2.0,4.0,2.0,4.0,2.0,False,False,"[2.0, 0.0, 4.0, 3.0, 3.0]","[2.0, 0.0, 4.0, 3.0, 3.0]",2.0,346515.0,3.0,354178.0,2.0,0.0,7.0,3.0,False,16.0,4.0,False,8.0,True,True,16.0,0.0,,"[3.0, 3.0, 3.0, 3.0, 3.0, 3.0, 3.0]",2.0,111.0,0.8077365876122496,18.0,other,18.0,23,145.0,0.0,145.0,0.0,False,12.0,1290
1608333952_4174515712,2021-02-03 13:21:39,2099376,2116953.0,True,2.0,1.0,4.0,81.66669,140.42212,0.0,False,6.0,1.0,2.0,"{'bias': 0.0, 'name': 'WET'}",Android,3622.0,200.56342,6.0,True,False,4.0,5.0,1.0,5.0,1.0,False,False,"[1.0, 1.0, 1.0, 1.0, 1.0, -0.0]","[1.0, 1.0, 1.0, 1.0, 1.0, -0.0]",30.0,2116953.0,6.0,2119496.0,4.0,0.0,6.0,6.0,False,216.0,15.0,True,8.0,True,False,0.0,36.0,,"[5.0, 5.0, 5.0, 5.0, 5.0, -0.0]",30.0,83.0,0.9892163634968149,71.0,other,other,63,1207.0,36.0,991.0,216.0,True,12.0,1290
1619377557_554053837,2021-04-25 20:09:03,191300,225963.0,False,0.0,2.0,3.0,-108.33334,122.52118,0.0,False,5.0,1.0,2.09,"{'bias': 60.0, 'name': 'BST'}",Android,1553.0,51.74591,5.0,False,True,0.0,4.0,4.0,4.0,4.0,False,False,"[0.0, 3.0, 2.0, 3.0, 4.0]","[0.0, 3.0, 2.0, 3.0, 4.0]",7.0,221344.0,3.0,226264.0,0.0,0.0,7.0,3.0,True,0.0,4.0,False,11.0,True,True,0.0,0.0,0.0,"[0.0, 1.0, 5.0, 1.0, 5.0]",7.0,106.0,0.9483459973904368,109.0,other,other,27,182.0,0.0,182.0,0.0,False,14.0,3688
1608290560_3509209088,2020-12-18 11:24:38,127499,133812.0,False,3.0,5.0,1.0,-154.40001,-6.800049,0.0,False,4.0,1.0,2.0,"{'bias': 0.0, 'name': 'WET'}",iOS,28615.0,-38.40001,2.0,True,False,3.0,3.0,0.0,3.0,0.0,False,False,"[0.0, -0.0]","[0.0, -0.0]",2658.0,133812.0,3.0,137761.0,3.0,0.0,1.0,3.0,False,1.0,1.0,False,,False,False,-1.0,1.0,,,2650.0,4.0,0.999769744416302,112.0,4.0,first,6,3.0,1.0,,,False,1.0,1201
1608290560_3509209088,2020-12-18 11:24:38,127499,146729.0,True,2.0,2.0,2.0,-200.8,2.799988,0.0,False,4.0,1.0,2.0,"{'bias': 0.0, 'name': 'WET'}",iOS,982.0,27.199982,7.0,False,False,4.0,3.0,5.0,3.0,5.0,False,False,"[5.0, 5.0, 5.0, 5.0, 5.0, 5.0, 5.0]","[5.0, 5.0, 5.0, 5.0, 5.0, 5.0, 5.0]",72.0,142412.0,3.0,151078.0,4.0,0.0,7.0,3.0,False,1.0,1.0,False,,False,False,-1.0,0.0,0.0,"[0.0, -0.0]",72.0,48.0,0.996008903215903,4.0,other,4.0,7,3.0,0.0,0.0,3.0,False,1.0,1201
1619377557_554053837,2021-04-25 20:06:09,17432,28424.0,False,0.0,1.0,2.0,-4.166687,216.7492,0.0,True,3.0,1.0,2.09,"{'bias': 60.0, 'name': 'BST'}",Android,6656.0,61.835526,7.0,True,False,0.0,2.0,2.0,-2.0,-2.0,False,False,"[-2.0, 2.0, 2.0, 2.0, 2.0, 2.0, 2.0]","[-2.0, 2.0, 2.0, 2.0, 2.0, 2.0, 2.0]",2.0,28424.0,3.0,36376.0,0.0,0.0,7.0,3.0,False,1.0,0.0,False,11.0,True,True,,0.0,,[-0.0],2.0,111.0,0.8077365876122496,1.0,other,1.0,2,1.0,0.0,,,False,14.0,3688
1610650624_4196779776,2021-01-14 17:58:00,107089,123720.0,True,2.0,1.0,3.0,-97.77777,206.7005,0.0,False,5.0,1.0,2.0,"{'bias': -60.0, 'name': '-01'}",Android,1596.0,7.4078674,7.0,False,False,4.0,4.0,0.0,4.0,0.0,False,False,"[0.0, 0.0, 0.0, 0.0, 0.0, 0.0, -0.0]","[0.0, 0.0, 0.0, 0.0, 0.0, 0.0, -0.0]",8090.0,122124.0,4.0,127495.0,4.0,0.0,6.0,4.0,False,38.0,1.0,False,,False,False,-36.0,36.0,36.0,[-0.0],8062.0,2.0,0.9999232481387672,1.0,2.0,1.0,8,112.0,36.0,37.0,75.0,False,1.0,2719
1619377557_554053837,2021-04-25 20:14:05,493184,506801.0,False,0.0,2.0,3.0,-82.5,139.19867,0.0,False,5.0,1.0,2.09,"{'bias': 60.0, 'name': 'BST'}",Android,233.0,2.5618896,6.0,False,False,0.0,4.0,4.0,4.0,4.0,False,False,"[1.0, -2.0, 3.0, 4.0, 5.0, 3.0]","[1.0, -2.0, 3.0, 4.0, 5.0, 3.0]",1.0,506078.0,6.0,508540.0,0.0,0.0,7.0,6.0,False,148.0,11.0,True,11.0,True,True,130.0,0.0,0.0,"[1.0, 2.0, 3.0, 4.0, 5.0, 0.0, -0.0]",1.0,112.0,0.3794228260035306,5.0,other,5.0,56,543.0,0.0,485.0,58.0,False,14.0,3688
1608333952_4174515712,2020-12-21 14:16:32,526726,549575.0,True,5.0,4.0,4.0,168.33334,32.077087,0.0,False,1.0,1.0,2.0,"{'bias': 0.0, 'name': 'WET'}",Android,433.0,8.3349,6.0,False,False,1.0,0.0,5.0,0.0,5.0,False,False,"[5.0, 5.0, 5.0, 5.0, 5.0, -0.0]","[5.0, 5.0, 5.0, 5.0, 5.0, -0.0]",42.0,549142.0,6.0,552815.0,1.0,0.0,6.0,6.0,False,216.0,11.0,True,8.0,True,False,72.0,36.0,36.0,"[5.0, 5.0, 5.0, 5.0, 5.0, -0.0]",42.0,71.0,0.9924783175992018,71.0,other,other,39,379.0,36.0,199.0,180.0,True,12.0,1290
1608333952_4174515712,2021-02-03 13:21:39,2099376,2123006.0,False,1.0,4.0,5.0,159.44446,7.629944,0.0,False,1.0,1.0,2.0,"{'bias': 0.0, 'name': 'WET'}",Android,189.0,17.22284,6.0,False,False,1.0,0.0,5.0,0.0,5.0,False,False,"[5.0, 5.0, 5.0, 5.0, 5.0, -0.0]","[5.0, 5.0, 5.0, 5.0, 5.0, -0.0]",42.0,2122659.0,6.0,2124986.0,1.0,0.0,6.0,6.0,False,216.0,15.0,True,8.0,True,False,0.0,36.0,36.0,"[1.0, 1.0, 1.0, 1.0, 1.0, -0.0]",42.0,71.0,0.9924783175992018,83.0,other,other,64,1243.0,36.0,1027.0,216.0,True,12.0,1290
1608333952_4174515712,2021-02-03 13:19:51,1991816,1994315.0,False,0.0,1.0,1.0,76.66669,131.53229,0.0,False,6.0,1.0,2.0,"{'bias': 0.0, 'name': 'WET'}",Android,216.0,-8.889496,6.0,False,False,0.0,5.0,5.0,5.0,5.0,False,False,"[5.0, 5.0, 5.0, 5.0, 5.0, -0.0]","[5.0, 5.0, 5.0, 5.0, 5.0, -0.0]",42.0,1993650.0,6.0,1996815.0,0.0,0.0,6.0,6.0,False,216.0,13.0,True,8.0,True,False,216.0,36.0,36.0,,42.0,71.0,0.9924783175992018,98.0,other,other,48,667.0,0.0,487.0,180.0,True,12.0,1290
1619377557_554053837,2021-04-29 12:15:50,97930,153992.0,False,0.0,0.0,5.0,53.333313,-140.9837,0.0,False,2.0,1.0,2.09,"{'bias': 60.0, 'name': 'BST'}",Android,12117.0,-380.09772,3.0,True,False,0.0,1.0,1.0,1.0,1.0,False,False,"[1.0, 4.0, -0.0]","[1.0, 4.0, -0.0]",15.0,153992.0,6.0,157373.0,0.0,0.0,6.0,6.0,False,180.0,15.0,True,11.0,True,False,-36.0,36.0,,"[1.0, 4.0, -0.0]",15.0,98.0,0.976897689768977,98.0,other,other,14,146.0,36.0,2.0,144.0,True,14.0,3688
1608333952_4174515712,2021-02-03 13:19:51,1991816,1993650.0,False,0.0,1.0,1.0,82.7778,126.53174,0.0,False,6.0,1.0,2.0,"{'bias': 0.0, 'name': 'WET'}",Android,9910.0,-19.977753,6.0,True,False,0.0,5.0,5.0,5.0,5.0,False,False,"[5.0, 5.0, 5.0, 5.0, 5.0, -0.0]","[5.0, 5.0, 5.0, 5.0, 5.0, -0.0]",42.0,1993650.0,6.0,1996815.0,0.0,0.0,6.0,6.0,False,216.0,13.0,True,8.0,True,False,216.0,36.0,,,42.0,71.0,0.9924783175992018,98.0,other,first,48,667.0,0.0,487.0,180.0,True,12.0,1290
1610650624_4196779776,2021-01-14 17:58:00,107089,131822.0,False,5.0,3.0,4.0,140.74075,194.84521,0.0,False,6.0,1.0,2.0,"{'bias': -60.0, 'name': '-01'}",Android,134.0,3.704773,8.0,False,False,5.0,5.0,0.0,5.0,0.0,False,False,"[0.0, 0.0, 0.0, 0.0, 0.0, 0.0, 0.0, 0.0]","[0.0, 0.0, 0.0, 0.0, 0.0, 0.0, 0.0, 0.0]",342.0,130974.0,4.0,133169.0,5.0,0.0,7.0,4.0,True,38.0,1.0,False,,False,False,-36.0,0.0,0.0,"[0.0, 0.0, 0.0, 0.0, 0.0, 0.0, -0.0]",341.0,12.0,0.9990789776652084,2.0,12.0,2.0,9,112.0,0.0,37.0,75.0,False,1.0,2719
1619377557_554053837,2021-04-25 22:25:30,291551,335069.0,False,0.0,5.0,5.0,-146.66667,-40.91858,0.0,False,4.0,1.0,2.09,"{'bias': 60.0, 'name': 'BST'}",Android,360.0,182.58412,7.0,False,False,0.0,3.0,3.0,3.0,3.0,False,False,"[1.0, 2.0, 3.0, 4.0, 5.0, 0.0, -0.0]","[1.0, 2.0, 3.0, 4.0, 5.0, 0.0, -0.0]",769.0,334444.0,6.0,345777.0,0.0,0.0,6.0,6.0,False,216.0,14.0,True,11.0,True,False,216.0,36.0,36.0,"[1.0, 2.0, 1.0, 2.0, 1.0, 0.0, -0.0]",769.0,5.0,0.9996929925550696,99.0,5.0,other,36,404.0,36.0,224.0,180.0,True,14.0,3688
1619377557_554053837,2021-04-25 20:07:37,105049,117923.0,False,0.0,1.0,1.0,-220.83334,5.778503,0.0,False,4.0,1.0,2.09,"{'bias': 60.0, 'name': 'BST'}",Android,5835.0,117.408295,4.0,False,False,0.0,3.0,3.0,3.0,3.0,False,False,"[5.0, 3.0, 1.0, 5.0]","[5.0, 3.0, 1.0, 5.0]",12.0,112088.0,3.0,121997.0,0.0,0.0,7.0,3.0,False,0.0,2.0,False,11.0,True,True,0.0,0.0,0.0,,12.0,101.0,0.970488909356052,112.0,other,other,16,182.0,0.0,38.0,144.0,True,14.0,3688
1608333952_4174515712,2021-02-03 13:20:45,2046285,2052734.0,True,0.0,3.0,2.0,103.888916,139.86652,0.0,False,6.0,1.0,2.0,"{'bias': 0.0, 'name': 'WET'}",Android,3691.0,-297.22763,6.0,True,False,0.0,5.0,5.0,5.0,5.0,False,False,"[5.0, 5.0, 5.0, 5.0, 5.0, -0.0]","[5.0, 5.0, 5.0, 5.0, 5.0, -0.0]",42.0,2052734.0,6.0,2055434.0,0.0,0.0,6.0,6.0,False,216.0,14.0,True,8.0,True,False,0.0,36.0,,"[1.0, 1.0, 1.0, 1.0, 1.0, -0.0]",42.0,71.0,0.9924783175992018,83.0,other,other,55,919.0,36.0,703.0,216.0,True,12.0,1290
1608333952_4174515712,2021-02-03 13:21:39,2099376,2117490.0,True,2.0,1.0,4.0,74.44446,133.19916,0.0,False,6.0,1.0,2.0,"{'bias': 0.0, 'name': 'WET'}",Android,191.0,5.0,6.0,False,False,4.0,5.0,1.0,5.0,1.0,False,False,"[1.0, 1.0, 1.0, 1.0, 1.0, -0.0]","[1.0, 1.0, 1.0, 1.0, 1.0, -0.0]",30.0,2116953.0,6.0,2119496.0,4.0,0.0,6.0,6.0,False,216.0,15.0,True,8.0,True,False,0.0,36.0,36.0,"[5.0, 5.0, 5.0, 5.0, 5.0, -0.0]",30.0,83.0,0.9892163634968149,71.0,other,other,63,1207.0,36.0,991.0,216.0,True,12.0,1290
